"0",""
"0","#aggr_plot <- aggr(tempData$data, col=c('navyblue','red'), numbers=TRUE, sortVars=TRUE, labels=names(tempData$data), cex.axis=.7, gap=3, ylab=c(""Histogram of missing data"",""Pattern""))"
"0",""
"0","#densityplot(tempData)"
"0","#EDA"
"0",""
"0",""
"0","# bwplot(researcher ~ sur, data = ibq_impute)"
"0","# bwplot(researcher ~ na, data = ibq_impute)"
"0","# bwplot(researcher ~ ec, data = ibq_impute)"
"0","# "
"0","# bwplot(infantrace ~ sur, data = ibq_impute)"
"0","# bwplot(infantrace ~ na, data = ibq_impute)"
"0","# bwplot(infantrace ~ ec, data = ibq_impute)"
"0","# "
"0","# bwplot(infantgender ~ sur, data = ibq_impute)"
"0","# bwplot(infantgender ~ na, data = ibq_impute)"
"0","# bwplot(infantgender ~ ec, data = ibq_impute)"
"0",""
